상권업종중분류명,상호명
한식,303036
이/미용/건강,170862
종합소매점,140598
의복의류,120508
음/식료품소매,105198
유흥주점,101344
커피점/카페,87370
가정/주방/인테리어,74493
분식,69422
부동산중개,68698
일식/수산물,64032
닭/오리요리,54284
자동차/이륜차,52123
세탁/가사서비스,51063
병원,50295
학원-보습교습입시,44332
화장품소매,35557
사진/광학/정밀기기소매,35338
학원기타,31366
유아교육,31280
가방/신발/액세서리,31068
학원-음악미술무용,30819
제과제빵떡케익,30202
건강/미용식품,29536
무도/유흥/가무,27721
패스트푸드,27509
사무/문구/컴퓨터,27497
학원-어학,25401
철물/난방/건설자재소매,25210
양식,24864
모텔/여관/여인숙,24863
PC/오락/당구/볼링등,24614
선물/팬시/기념품,23499
자동차/자동차용품,23042
중식,22415
운동/경기용품소매,18044
약국/한약방,17869
기타판매업,17571
개인/가정용품수리,15762
별식/퓨전요리,15628
가구소매,12592
학원-예능취미체육,12546
주택수리,11696
가전제품소매,11236
광고/인쇄,10773
대중목욕탕/휴게,8723
주유소/충전소,8676
시계/귀금속소매,8364
의약/의료품소매,8048
책/서적/도서,7499
요가/단전/마사지,7086
운송/배달/택배,6966
인력/고용/용역알선,6852
중고품소매/교환,6494
도서관/독서실,6473
물품기기대여,6236
사진,6034
캠프/별장/펜션,6008
민박/하숙,5276
수의업,4799
페인트/유리제품소매,4552
개인서비스,4489
기타서비스업,4322
취미/오락관련소매,4173
분양,4013
예식/의례/관혼상제,3577
호텔/콘도,3464
부페,3447
유사의료업,3339
학문교육기타,3238
예술품/골동품/수석/분재,2945
장례/묘지,2725
기타음식업,2502
학원-자격/국가고시,2450
애견/애완/동물,2299
유아용품,1989
경마/경륜/성인오락,1852
대행업,1805
음식배달서비스,1788
학원-컴퓨터,1598
행사/이벤트,1185
학원-창업취업취미,1082
연극/영화/극장,1071
평가/개발/관리,900
놀이/여가/취미,807
실내운동시설,537
의료관련서비스업,445
법무세무회계,444
종교용품판매,441
스포츠/운동,226
유스호스텔,80
운영관리시설,59
실외운동시설,31
부동산관련서비스,14
농업/축산,1
