상권업종중분류명,상호명
한식,283910
이/미용/건강,159996
종합소매점,140692
의복의류,124065
음/식료품소매,106207
유흥주점,96318
커피점/카페,76477
가정/주방/인테리어,74928
부동산중개,67952
분식,67780
일식/수산물,60727
닭/오리요리,53560
자동차/이륜차,52392
세탁/가사서비스,50046
학원-보습교습입시,42414
화장품소매,36040
사진/광학/정밀기기소매,35010
유아교육,31545
가방/신발/액세서리,31445
건강/미용식품,30499
학원기타,30240
제과제빵떡케익,28974
무도/유흥/가무,28209
학원-음악미술무용,27999
사무/문구/컴퓨터,27510
패스트푸드,26215
철물/난방/건설자재소매,25753
학원-어학,24383
선물/팬시/기념품,23472
PC/오락/당구/볼링등,23432
모텔/여관/여인숙,23056
양식,22901
자동차/자동차용품,22786
중식,21190
실내운동시설,18020
기타판매업,17997
운동/경기용품소매,17891
개인/가정용품수리,15739
별식/퓨전요리,14584
가구소매,12584
학원-예능취미체육,11877
주택수리,11817
광고/인쇄,11063
가전제품소매,11053
주유소/충전소,8827
시계/귀금속소매,8568
대중목욕탕/휴게,8037
의약/의료품소매,8033
책/서적/도서,7580
요가/단전/마사지,7102
운송/배달/택배,7101
인력/고용/용역알선,6896
중고품소매/교환,6548
도서관/독서실,6472
물품기기대여,6138
캠프/별장/펜션,6116
사진,5873
민박/하숙,5217
분양,4608
페인트/유리제품소매,4603
기타서비스업,4408
개인서비스,4302
취미/오락관련소매,4222
예식/의례/관혼상제,3573
학문교육기타,3239
부페,3201
호텔/콘도,3161
예술품/골동품/수석/분재,3010
장례/묘지,2766
기타음식업,2428
애견/애완/동물,2103
학원-자격/국가고시,2090
운영관리시설,2050
실외운동시설,2040
유아용품,1956
대행업,1784
음식배달서비스,1770
경마/경륜/성인오락,1440
학원-컴퓨터,1409
연극/영화/극장,1146
행사/이벤트,1055
학원-창업취업취미,925
평가/개발/관리,914
놀이/여가/취미,814
법무세무회계,459
종교용품판매,444
스포츠/운동,211
유스호스텔,78
부동산관련서비스,14
통신업,1
농업/축산,1
