상권업종중분류명,상호명
한식,333714
이/미용/건강,191882
종합소매점,159462
의복의류,144753
유흥주점,122344
음/식료품소매,112945
커피점/카페,96104
가정/주방/인테리어,81843
분식,77852
부동산중개,77739
일식/수산물,72112
닭/오리요리,60711
병원,60316
세탁/가사서비스,55139
자동차/이륜차,55009
학원-보습교습입시,49756
사진/광학/정밀기기소매,43069
화장품소매,41842
가방/신발/액세서리,36260
학원-음악미술무용,34011
학원기타,33484
제과제빵떡케익,33385
건강/미용식품,33119
무도/유흥/가무,32167
사무/문구/컴퓨터,31491
패스트푸드,31166
유아교육,30584
PC/오락/당구/볼링등,29976
양식,29717
학원-어학,28445
철물/난방/건설자재소매,27355
모텔/여관/여인숙,26786
선물/팬시/기념품,25947
자동차/자동차용품,25268
중식,24567
약국/한약방,20792
운동/경기용품소매,20474
광고/인쇄,19484
기타판매업,18909
개인/가정용품수리,17967
별식/퓨전요리,17730
가구소매,14201
학원-예능취미체육,14076
가전제품소매,13060
주택수리,12679
시계/귀금속소매,9965
의약/의료품소매,9574
주유소/충전소,9154
책/서적/도서,8808
요가/단전/마사지,8756
대중목욕탕/휴게,8695
인력/고용/용역알선,7907
도서관/독서실,7526
운송/배달/택배,7428
사진,7126
물품기기대여,7073
중고품소매/교환,6932
캠프/별장/펜션,6101
기타서비스업,5512
민박/하숙,5392
수의업,5282
개인서비스,5042
분양,4928
페인트/유리제품소매,4917
취미/오락관련소매,4833
예식/의례/관혼상제,4523
호텔/콘도,3999
부페,3939
학문교육기타,3781
유사의료업,3737
예술품/골동품/수석/분재,3218
장례/묘지,2978
학원-자격/국가고시,2947
애견/애완/동물,2686
기타음식업,2654
유아용품,2421
경마/경륜/성인오락,2297
대행업,2276
음식배달서비스,1979
학원-컴퓨터,1906
행사/이벤트,1450
학원-창업취업취미,1302
연극/영화/극장,1230
평가/개발/관리,1056
실내운동시설,962
놀이/여가/취미,878
법무세무회계,572
의료관련서비스업,540
종교용품판매,468
스포츠/운동,270
운영관리시설,89
유스호스텔,85
실외운동시설,59
부동산관련서비스,17
