상권업종중분류명,상호명
한식,249416
이/미용/건강,140958
의복의류,120678
종합소매점,108162
음/식료품소매,96772
유흥주점,91200
가정/주방/인테리어,73938
분식,58742
부동산중개,57924
커피점/카페,57855
자동차/이륜차,54265
일식/수산물,54083
닭/오리요리,50118
병원,46699
세탁/가사서비스,44857
학원-보습교습입시,43812
화장품소매,35991
학원기타,32731
가방/신발/액세서리,32425
사진/광학/정밀기기소매,32216
유아교육,31758
건강/미용식품,30988
사무/문구/컴퓨터,29614
무도/유흥/가무,29244
철물/난방/건설자재소매,28424
학원-음악미술무용,25985
제과제빵떡케익,24805
선물/팬시/기념품,24597
학원-어학,24028
모텔/여관/여인숙,23992
자동차/자동차용품,23308
패스트푸드,21613
기타판매업,21291
PC/오락/당구/볼링등,20373
양식,19733
중식,18690
운동/경기용품소매,18451
약국/한약방,16815
개인/가정용품수리,15406
주택수리,15197
가구소매,13409
광고/인쇄,12284
별식/퓨전요리,11340
가전제품소매,11272
학원-예능취미체육,10552
주유소/충전소,9953
운송/배달/택배,9837
시계/귀금속소매,8858
책/서적/도서,8410
인력/고용/용역알선,8216
의약/의료품소매,8193
대중목욕탕/휴게,8000
중고품소매/교환,7594
분양,7423
물품기기대여,7394
요가/단전/마사지,6748
도서관/독서실,6385
기타서비스업,6374
캠프/별장/펜션,6201
사진,6138
민박/하숙,5315
페인트/유리제품소매,4926
수의업,4880
개인서비스,4856
취미/오락관련소매,4505
학문교육기타,3739
예식/의례/관혼상제,3586
장례/묘지,3291
유사의료업,3126
부페,2557
호텔/콘도,2473
기타음식업,2215
대행업,2181
유아용품,2104
학원-자격/국가고시,2002
애견/애완/동물,1904
음식배달서비스,1822
예술품/골동품/수석/분재,1620
학원-컴퓨터,1584
연극/영화/극장,1508
행사/이벤트,1441
경마/경륜/성인오락,1375
평가/개발/관리,1103
학원-창업취업취미,998
놀이/여가/취미,903
법무세무회계,581
종교용품판매,494
의료관련서비스업,354
전시/관람,237
기타교육기관,197
스포츠/운동,179
유스호스텔,87
수용복지시설,84
부동산임대,62
비수용복지시설,51
연구소,31
학교,26
부동산관련서비스,26
특수교육기관,18
